Workbook

Sheet Solar Company Dashboard
A1: Serial Number (unique identifier) | B1: Full Name | C1: Phone | D1: Email | E1: Installation Address | F1: Lead Source | G1: System Size | H1: Panel Model & Quantity | I1: Battery Storage | J1: Installation Date (M/D/Y) | K1: Installation Month | L1: Total Contract Value | M1: Mode of Payment | N1: Warranty Expiration | O1: Most recent Maintenance Date
A2: SN-0000001 | B2: John | C2: 90000101 | D2: example1@email.com | E2: Address 000001 | F2: Amos | G2: 15 | H2: 3X Monocrystalline N-Type | I2: 1x 220Ah X 12V - Tubular | J2: 45383 | K2: =TEXT(J2,"mmm") -> Apr | L2: 5300000 | M2: Mobile Bank Transfer | N2: N/A
A3: SN-0000002 | B3: Jane | C3: 90000102 | D3: example2@email.com | E3: Address 000002 | F3: Angela | G3: 5 | H3: 4X Monocrystalline N-Type | I3: 1x 220Ah X 12V - Tubular | J3: 45384 | K3: =TEXT(J3,"mmm") -> Apr | L3: 5600000 | M3: Mobile Bank Transfer | N3: N/A
A4: SN-0000003 | B4: John | C4: 90000103 | D4: example3@email.com | E4: Address 000003 | F4: Amos | G4: 1 | H4: 3X Monocrystalline N-Type | I4: 1x 220Ah X 12V - Tubular | J4: 45385 | K4: =TEXT(J4,"mmm") -> Apr | L4: 6200000 | M4: Mobile Bank Transfer | N4: N/A
A5: SN-0000004 | B5: Jane | C5: 90000104 | D5: example4@email.com | E5: Address 000004 | F5: Angela | G5: 1 | H5: 4X Monocrystalline N-Type | I5: 1x 220Ah X 12V - Tubular | J5: 45386 | K5: =TEXT(J5,"mmm") -> Apr | L5: 7100000 | M5: Mobile Bank Transfer | N5: N/A
A6: SN-0000005 | B6: John | C6: 90000105 | D6: example5@email.com | E6: Address 000005 | F6: Amos | G6: 1 | H6: 3X Monocrystalline N-Type | I6: 1x 220Ah X 12V - Tubular | J6: 45387 | K6: =TEXT(J6,"mmm") -> Apr | L6: 7550000 | M6: Mobile Bank Transfer | N6: N/A
A7: SN-0000006 | B7: Jane | C7: 90000106 | D7: example6@email.com | E7: Address 000006 | F7: Angela | G7: 5 | H7: 4X Monocrystalline N-Type | I7: 1x 220Ah X 12V - Tubular | J7: 45388 | K7: =TEXT(J7,"mmm") -> Apr | L7: 8150000 | M7: Mobile Bank Transfer | N7: N/A
A8: SN-0000007 | B8: John | C8: 90000107 | D8: example7@email.com | E8: Address 000007 | F8: Amos | G8: 15 | H8: 3X Monocrystalline N-Type | I8: 1x 220Ah X 12V - Tubular | J8: 45389 | K8: =TEXT(J8,"mmm") -> Apr | L8: 8750000 | M8: Mobile Bank Transfer | N8: N/A
A9: SN-0000008 | B9: Jane | C9: 90000108 | D9: example8@email.com | E9: Address 000008 | F9: Angela | G9: 2 | H9: 4X Monocrystalline N-Type | I9: 1x 220Ah X 12V - Tubular | J9: 45390 | K9: =TEXT(J9,"mmm") -> Apr | L9: 9350000 | M9: Mobile Bank Transfer | N9: N/A
A10: SN-0000009 | B10: John | C10: 90000109 | D10: example9@email.com | E10: Address 000009 | F10: Amos | G10: 1 | H10: 3X Monocrystalline N-Type | I10: 1x 220Ah X 12V - Tubular | J10: 45391 | K10: =TEXT(J10,"mmm") -> Apr | L10: 9950000 | M10: Mobile Bank Transfer | N10: N/A
A11: SN-0000010 | B11: Jane | C11: 90000110 | D11: example10@email.com | E11: Address 000010 | F11: Angela | G11: 5 | H11: 4X Monocrystalline N-Type | I11: 1x 220Ah X 12V - Tubular | J11: 45392 | K11: =TEXT(J11,"mmm") -> Apr | L11: 10550000 | M11: Mobile Bank Transfer | N11: N/A
A12: SN-0000011 | B12: John | C12: 90000111 | D12: example11@email.com | E12: Address 000011 | F12: Amos | G12: 10 | H12: 3X Monocrystalline N-Type | I12: 1x 220Ah X 12V - Tubular | J12: 45393 | K12: =TEXT(J12,"mmm") -> Apr | L12: 11150000 | M12: Mobile Bank Transfer | N12: N/A
A13: SN-0000012 | B13: Jane | C13: 90000112 | D13: example12@email.com | E13: Address 000012 | F13: Angela | G13: 1 | H13: 4X Monocrystalline N-Type | I13: 1x 220Ah X 12V - Tubular | J13: 45394 | K13: =TEXT(J13,"mmm") -> Apr | L13: 11750000 | M13: Mobile Bank Transfer | N13: N/A
... A201: SN-0000200 | B201: Jane | C201: 90000300 | D201: example200@email.com | E201: Address 000200 | F201: Angela | G201: 5 | H201: 4X Monocrystalline N-Type | I201: 1x 220Ah X 12V - Tubular | J201: 45582 | K201: =TEXT(J201,"mmm") -> Oct | L201: 124550000 | M201: Mobile Bank Transfer | N201: N/A

Sheet VLOOKUP
A1: Serial Number (unique identifier) | B1: SN-0000012
A2: FULL NAME | B2: =VLOOKUP($B$1,Dashboard[[Serial Number (unique identifier)]:[Warranty Expiration]],2,FALSE) -> Jane
A3: PHONE | B3: =VLOOKUP($B$1,Dashboard[[Serial Number (unique identifier)]:[Warranty Expiration]],3,FALSE) -> 90000112
A4: EMAIL | B4: =VLOOKUP($B$1,Dashboard[[Serial Number (unique identifier)]:[Warranty Expiration]],4,FALSE) -> example12@email.com
A5: INSTALLATION ADDRESS | B5: =VLOOKUP($B$1,Dashboard[[Serial Number (unique identifier)]:[Warranty Expiration]],5,FALSE) -> Address 000012
A6: Lead Source | B6: =VLOOKUP($B$1,Dashboard[[Serial Number (unique identifier)]:[Warranty Expiration]],6,FALSE) -> Angela
A7: System Size | B7: =VLOOKUP($B$1,Dashboard[[Serial Number (unique identifier)]:[Warranty Expiration]],7,FALSE) -> 1
A8: Panel Model & Quantity | B8: =VLOOKUP($B$1,Dashboard[[Serial Number (unique identifier)]:[Warranty Expiration]],8,FALSE) -> 4X Monocrystalline N-Type | E8: BUILD PROFESSIONALISM
A9: Battery Storage | B9: =VLOOKUP($B$1,Dashboard[[Serial Number (unique identifier)]:[Warranty Expiration]],9,FALSE) -> 1x 220Ah X 12V - Tubular
A10: Installation Date | B10: =VLOOKUP($B$1,Dashboard[[Serial Number (unique identifier)]:[Warranty Expiration]],10,FALSE) -> 45394
A11: Total Contract Value | B11: =VLOOKUP($B$1,Dashboard[[Serial Number (unique identifier)]:[Warranty Expiration]],11,FALSE) -> Apr
A12: Mode of Payment | B12: =VLOOKUP($B$1,Dashboard[[Serial Number (unique identifier)]:[Warranty Expiration]],12,FALSE) -> 11750000
A13: Warranty Expiration | B13: =VLOOKUP($B$1,Dashboard[[Serial Number (unique identifier)]:[Warranty Expiration]],13,FALSE) -> Mobile Bank Transfer

Sheet KPI CARDS
C13: CUSTOMER COUNT | D13: =COUNTA(Dashboard[Serial Number (unique identifier)]) -> 200
C14: CURRENT MONTH | D14: Jun
C15: PREVIOUS MONTH | D15: =TEXT(DATEVALUE("1 "&D14&" 2024")-1,"mmm") -> May
C17: CURRENT MONTH COUNT | D17: =COUNTIF(Dashboard[Installation Month],'KPI CARDS'!D14) -> 30
C18: PREVIOUS MONTH COUNT | D18: =COUNTIF(Dashboard[Installation Month],'KPI CARDS'!D15) -> 31
C19: % CHANGE | D19: =(D17-D18)/D18 -> -0.032258065
C20: ARROW INDICATOR | D20: =IF(D19>0,"▲ "&TEXT(ABS(D19),"0.0%"),IF(D19<0,"▼ "&TEXT(ABS(D19),"0.0%"),"— 0.0%")) -> ▼ 3.2%
C21: PERIOD LABEL | D21: ="vs "&D15 -> vs May
C22: TOTAL REVENUE | D22: =SUM('Solar Company Dashboard'!L2:L201) -> 12970000000
C23: AVERAGE SYSTEM SIZE | D23: =AVERAGE('Solar Company Dashboard'!G1:G201) -> 6.8

Sheet Lead Source
D21: Lead Source | E21: Count
D22: Amos | E22: =COUNTIF('Solar Company Dashboard'!F2:F201,"Amos") -> 100
D23: Angela | E23: =COUNTIF('Solar Company Dashboard'!F1:F201,"Angela") -> 100

Sheet System Distribution
J21: System Size | K21: Count
J22: 1 | K22: =COUNTIF('Solar Company Dashboard'!G:G,J22) -> 33
J23: 15 | K23: =COUNTIF('Solar Company Dashboard'!G:G,J23) -> 39
J24: 2 | K24: =COUNTIF('Solar Company Dashboard'!G:G,J24) -> 41
J25: 5 | K25: =COUNTIF('Solar Company Dashboard'!G:G,J25) -> 42
J26: 10 | K26: =COUNTIF('Solar Company Dashboard'!G:G,J26) -> 45

Sheet Installation Trend
B2: Month | C2: Count of Installations
B3: Apr | C3: 30
B4: May | C4: 31
B5: Jun | C5: 30
B6: Jul | C6: 31
B7: Aug | C7: 31
B8: Sep | C8: 30
B9: Oct | C9: 17
B10: Grand Total | C10: 200
